ID;vendor_ID;material_ID;Quantity;LineItemValue;FreightCost_USD;DeliveryQuarter;ShipmentMode;ProcessingTime
PR-CAP-0001;VND-110;MAT-400;2388;272972.06;9973.51;3;Truck;6
PR-CAP-0002;VND-110;MAT-400;3633;9095.0;755.5;3;Air;6
PR-CAP-0003;VND-003;MAT-200;2774;1246.3;Freight Included in Commodity Cost;1;Truck;23
PR-CAP-0004;VND-110;MAT-300;3025;6431.94;16532.5;4;Air Charter;24
PR-CAP-0005;VND-113;MAT-200;1016;42.0;Invoiced Separately;2;Air;2
PR-CAP-0006;VND-110;MAT-400;1711;55458.75;5137.06;3;Truck;28
PR-CAP-0007;VND-104;MAT-400;2570;13180.0;2656.12;4;Air;17
PR-CAP-0008;VND-110;MAT-200;2326;451861.2;10605.03;3;Truck;7
PR-CAP-0009;VND-110;MAT-400;3683;325609.9;See DN-3642 (ID#:82668);2;Truck;3
PR-CAP-0010;VND-110;MAT-300;4278;46722.0;See DN-850 (ID#:10733);3;Air;13
PR-CAP-0011;VND-110;MAT-100;4547;122731.44;See DN-2181 (ID#:84640);2;Truck;8
PR-CAP-0012;VND-110;MAT-100;2789;47588.88;18495.9;4;Air Charter;2
PR-CAP-0013;VND-110;MAT-200;4854;4780.8;1342.44;4;Air;2
PR-CAP-0014;VND-012;MAT-400;4768;136.19;Freight Included in Commodity Cost;4;Truck;10
PR-CAP-0015;VND-110;MAT-300;2099;83238.22;See DN-2343 (ID#:82977);1;Truck;10
PR-CAP-0016;VND-108;MAT-100;3454;109951.0;See ASN-17077 (ID#:37031);1;Air;13
PR-CAP-0017;VND-108;MAT-100;1261;209000.0;3073.74;2;Ocean;7
PR-CAP-0018;VND-110;MAT-200;162;2377.54;3415.72;1;Air;27
PR-CAP-0019;VND-113;MAT-200;1847;6.5;Invoiced Separately;1;Air;4
PR-CAP-0020;VND-110;MAT-300;314;92130.74;24138.35;3;Truck;15
PR-CAP-0021;VND-012;MAT-100;1609;38.88;Freight Included in Commodity Cost;3;Truck;13
PR-CAP-0022;VND-108;MAT-100;1440;14677.2;Freight Included in Commodity Cost;2;Air;30
PR-CAP-0023;VND-043;MAT-300;816;28737.0;3054.13;2;Air;21
PR-CAP-0024;VND-012;MAT-300;1592;47522.75;Freight Included in Commodity Cost;3;Air;23
PR-CAP-0025;VND-097;MAT-200;347;129600.0;9815.52;1;Air;21
PR-CAP-0026;VND-110;MAT-100;2838;8400.0;16840.67;1;Air;13
PR-CAP-0027;VND-110;MAT-200;2368;1376699.88;See DN-4275 (ID#:83337);1;Air Charter;4
PR-CAP-0028;VND-110;MAT-100;4033;1.7;See DN-1193 (ID#:11312);4;Truck;16
PR-CAP-0029;VND-110;MAT-400;2888;100000.0;See DN-3951 (ID#:82735);1;Truck;30
PR-CAP-0030;VND-113;MAT-200;1806;41800.0;6455.37;1;Air;5
PR-CAP-0031;VND-043;MAT-100;4440;28400.0;See ASN-30941 (ID#:32306);3;Air;11
PR-CAP-0032;VND-091;MAT-400;110;1800.0;286;4;Air;29
PR-CAP-0033;VND-108;MAT-400;4898;45449.49;See ASN-9179 (ID#:28515);2;Ocean;5
PR-CAP-0034;VND-105;MAT-400;2112;1120.0;2796.58;2;Air;6
PR-CAP-0035;VND-110;MAT-200;3145;4542.5;See DN-2889 (ID#:83631);1;Truck;9
PR-CAP-0036;VND-110;MAT-400;3648;58072.5;See DN-1493 (ID#:83374);2;Air Charter;19
PR-CAP-0037;VND-108;MAT-300;389;30334.5;4876.34;1;Air;27
PR-CAP-0038;VND-061;MAT-300;583;45828.0;9698.22;4;Air;27
PR-CAP-0039;VND-110;MAT-400;3525;333841.0;See DN-2694 (ID#:82483);1;Truck;13
PR-CAP-0040;VND-110;MAT-200;3569;6020.7;18607.76;2;Air;12
PR-CAP-0041;VND-012;MAT-300;168;375880.98;Freight Included in Commodity Cost;2;Truck;3
PR-CAP-0042;VND-055;MAT-200;4259;74400.0;9253.44;1;Air;30
PR-CAP-0043;VND-110;MAT-300;1965;3900.8;8329.13;1;Air Charter;27
PR-CAP-0044;VND-110;MAT-300;1099;7874.81;1224.02;3;Truck;12
PR-CAP-0045;VND-108;MAT-100;1999;4610.25;See ASN-18919 (ID#:14578);2;Ocean;9
PR-CAP-0046;VND-043;MAT-300;2456;72720.9;13244.8;4;Air;4
PR-CAP-0047;VND-110;MAT-200;4023;762014.25;7317.47;2;Truck;19
PR-CAP-0048;VND-113;MAT-100;3244;209328.0;21683.23;3;Air;9
PR-CAP-0049;VND-105;MAT-200;3493;96000.0;7616.19;1;Air;28
PR-CAP-0051;VND-110;MAT-100;3474;6720.0;8185.2;1;Air;28
PR-CAP-0052;VND-110;MAT-400;1079;271560.0;10073.76;1;Air;10
PR-CAP-0053;VND-110;MAT-100;3078;6104.7;5520.83;1;Truck;27
PR-CAP-0054;VND-108;MAT-200;1338;487588.9;3787.72;4;Ocean;15
PR-CAP-0055;VND-110;MAT-400;1999;3708800.0;See DN-4096 (ID#:83304);3;Truck;8
PR-CAP-0056;VND-031;MAT-400;3842;3352.0;2149.05;4;Air;15
PR-CAP-0057;VND-113;MAT-400;4821;589509.9;26532.85;1;Air;5
PR-CAP-0058;VND-084;MAT-100;2441;8575.0;3126.61;1;Air;10
PR-CAP-0059;VND-110;MAT-400;364;6543.6;See DN-682 (ID#:10963);3;Air;4
PR-CAP-0060;VND-110;MAT-100;592;995940.0;See DN-817 (ID#:10981);2;Air;4
PR-CAP-0061;VND-111;MAT-200;3291;2169.6;814.04;1;Air;3
PR-CAP-0062;VND-105;MAT-200;4759;48000.0;8576.8;4;Air;3
PR-CAP-0063;VND-055;MAT-100;1596;1276.0;218.75;1;Air;7
PR-CAP-0064;VND-104;MAT-200;4492;1400.0;648.95;3;Air;4
PR-CAP-0065;VND-108;MAT-200;1902;15080.0;See ASN-3562 (ID#:960);2;Air;23
PR-CAP-0066;VND-037;MAT-300;495;10150.19;968.25;3;Air;11
PR-CAP-0067;VND-105;MAT-100;4573;304000.0;20621.1;3;Air;14
PR-CAP-0068;VND-110;MAT-200;795;871200.0;22520.71;2;Truck;26
PR-CAP-0069;VND-082;MAT-300;1536;3167.38;4035.45;3;Air;6
PR-CAP-0070;VND-110;MAT-400;2266;85225.14;2201.74;3;Truck;4
PR-CAP-0071;VND-111;MAT-300;2679;6978.0;1779.09;3;Air;21
PR-CAP-0072;VND-082;MAT-200;4153;779031.25;20134.62;3;Air;21
PR-CAP-0073;VND-012;MAT-300;1976;5418.0;Freight Included in Commodity Cost;3;Truck;23
PR-CAP-0074;VND-110;MAT-100;4229;69650.0;1392;4;Air;18
PR-CAP-0075;VND-110;MAT-300;2807;18612.5;5044.26;4;Air;10
PR-CAP-0076;VND-110;MAT-300;1106;327.6;396.32;4;Truck;2
PR-CAP-0078;VND-110;MAT-200;601;4602.96;2005.48;4;Air;16
PR-CAP-0079;VND-110;MAT-100;2797;63458.4;Invoiced Separately;2;Air;13
PR-CAP-0080;VND-084;MAT-100;3297;5980.0;2708.04;2;Air;13
PR-CAP-0081;VND-110;MAT-200;2530;470897.0;10651.44;4;Truck;1
PR-CAP-0082;VND-108;MAT-200;1002;51350.04;See ASN-5131 (ID#:25886);3;Air;23
PR-CAP-0083;VND-110;MAT-200;4399;46035.48;7317.47;4;Truck;20
PR-CAP-0084;VND-043;MAT-100;4970;94848.0;12974.12;1;Air;29
PR-CAP-0085;VND-012;MAT-400;1406;5932.29;Freight Included in Commodity Cost;3;Truck;17
PR-CAP-0086;VND-110;MAT-400;3561;252.0;See DN-2073 (ID#:82362);1;Air;16
PR-CAP-0087;VND-110;MAT-300;3977;2925.0;See DN-2697 (ID#:83045);2;Air;18
PR-CAP-0088;VND-113;MAT-400;567;21597.0;1398.6;3;Air;21
PR-CAP-0089;VND-110;MAT-400;2776;1405535.99;See DN-3652 (ID#:85463);4;Truck;17
PR-CAP-0090;VND-110;MAT-200;3360;21092.5;See DN-2693 (ID#:82481);2;Truck;30
PR-CAP-0091;VND-110;MAT-300;4901;13782.6;Freight Included in Commodity Cost;2;Truck;16
PR-CAP-0092;VND-110;MAT-400;944;6025.6;See DN-2128 (ID#:84624);4;Truck;14
PR-CAP-0093;VND-110;MAT-100;1975;1590592.08;43548;3;Air Charter;18
PR-CAP-0094;VND-043;MAT-100;3164;197232.0;30046.84;3;Air;8
PR-CAP-0095;VND-110;MAT-200;3300;327096.0;15814.01;2;Truck;24
PR-CAP-0096;VND-105;MAT-300;2226;108800.0;22370.64;3;Air;21
PR-CAP-0097;VND-110;MAT-200;2652;229161.42;6195.24;1;Air;28
PR-CAP-0098;VND-113;MAT-400;3236;765.0;See ASN-24507 (ID#:53327);2;Air;1
PR-CAP-0099;VND-110;MAT-300;478;3900.0;4747.87;1;Truck;24
PR-CAP-0100;VND-091;MAT-100;1907;8935.5;Freight Included in Commodity Cost;1;Air;18
PR-CAP-0101;VND-111;MAT-400;817;165256.84;44952.61;1;Air;29
PR-CAP-0102;VND-110;MAT-100;2906;28060.6;See DN-3975 (ID#:82748);4;Air;3
PR-CAP-0104;VND-003;MAT-300;739;137.73;Freight Included in Commodity Cost;3;Truck;30
PR-CAP-0105;VND-110;MAT-300;1540;31370.46;12862.56;2;Air;2
PR-CAP-0106;VND-110;MAT-300;3606;375.0;Freight Included in Commodity Cost;4;Air Charter;10
PR-CAP-0107;VND-110;MAT-300;2924;70224.0;25493.03;4;Air;2
PR-CAP-0108;VND-111;MAT-300;4117;43368.75;7549.41;4;Air;21
PR-CAP-0109;VND-104;MAT-100;4816;28700.0;5924.89;3;Air;8
PR-CAP-0110;VND-108;MAT-400;1903;84945.3;9452.02;1;Air;10
PR-CAP-0111;VND-061;MAT-100;4639;110000.0;8074.03;1;Air;4
PR-CAP-0112;VND-110;MAT-300;3408;500400.0;11637.64;4;Air Charter;8
PR-CAP-0113;VND-012;MAT-300;2512;6758.47;Freight Included in Commodity Cost;1;Truck;1
PR-CAP-0114;VND-113;MAT-200;1579;100000.0;14398.69;4;Air;29
PR-CAP-0115;VND-083;MAT-400;1915;2850.0;Freight Included in Commodity Cost;2;Air;16
PR-CAP-0116;VND-111;MAT-100;4123;274816.0;See ASN-4979 (ID#:21174);3;Air;24
PR-CAP-0117;VND-110;MAT-200;3695;8908.2;See DN-1530 (ID#:83964);2;Air;8
PR-CAP-0118;VND-082;MAT-100;4892;494868.36;17278.96;1;Ocean;6
PR-CAP-0119;VND-110;MAT-200;3590;2277.6;See DN-3269 (ID#:83711);2;Air;12
PR-CAP-0120;VND-113;MAT-300;1676;271895.0;13325.59;3;Air;1
PR-CAP-0121;VND-113;MAT-100;1168;120.0;See ASN-31335 (ID#:42778);4;Air;10
PR-CAP-0122;VND-012;MAT-100;4119;457.9;Freight Included in Commodity Cost;1;Truck;5
PR-CAP-0123;VND-110;MAT-300;900;2784000.0;69097.98;3;Air Charter;18
PR-CAP-0124;VND-112;MAT-400;2176;71344.0;853.88;3;Air;28
PR-CAP-0125;VND-110;MAT-400;2292;7825.5;1713.01;4;Air;3
PR-CAP-0126;VND-055;MAT-100;4817;11812.8;732.47;3;Air;12
PR-CAP-0127;VND-104;MAT-400;202;49200.0;9254.06;4;Air;3
PR-CAP-0128;VND-110;MAT-100;4030;46600.0;6154.8;4;Air;23
PR-CAP-0129;VND-110;MAT-300;1487;539798.4;See DN-4243 (ID#:83907);2;Truck;27
PR-CAP-0130;VND-110;MAT-100;1711;67.08;See DN-2492 (ID#:82999);4;Air;29
PR-CAP-0131;VND-110;MAT-100;4211;65868.8;13116;2;Air;5
PR-CAP-0132;VND-110;MAT-400;1246;237000.0;3613.05;3;Truck;20
PR-CAP-0133;VND-105;MAT-400;4974;16000.0;2865.63;3;Air;11
PR-CAP-0134;VND-110;MAT-100;353;414827.88;See DN-2090 (ID#:82366);2;Air Charter;13
PR-CAP-0135;VND-113;MAT-200;1371;631040.0;12965.93;1;Air;17
PR-CAP-0136;VND-110;MAT-200;774;132986.88;161712.87;4;Air;18
PR-CAP-0137;VND-105;MAT-200;2182;189440.0;25136.39;1;Air;30
PR-CAP-0139;VND-108;MAT-200;4488;22620.0;See ASN-3312 (ID#:6081);3;Air;11
PR-CAP-0140;VND-012;MAT-400;1854;1081.8;Freight Included in Commodity Cost;4;Truck;8
PR-CAP-0141;VND-012;MAT-100;4226;2037.29;Freight Included in Commodity Cost;2;Truck;15
PR-CAP-0142;VND-003;MAT-200;3027;1874.71;Freight Included in Commodity Cost;3;Truck;2
PR-CAP-0143;VND-110;MAT-300;3165;58750.0;Freight Included in Commodity Cost;2;Air Charter;27
PR-CAP-0144;VND-110;MAT-100;2495;8152.32;See DN-4210 (ID#:83906);4;Air;10
PR-CAP-0145;VND-110;MAT-200;2021;393750.0;7463.74;4;Air;22
PR-CAP-0146;VND-113;MAT-100;3262;6853.0;1712.6;1;Air;22
PR-CAP-0147;VND-110;MAT-300;4438;653177.8;14451.68;3;Truck;20
PR-CAP-0148;VND-112;MAT-300;2322;77108.0;7526.06;1;Air;25
PR-CAP-0149;VND-110;MAT-200;2206;258685.6;2175.07;1;Truck;5
PR-CAP-0150;VND-061;MAT-300;1561;2982.0;660.77;3;Air;21
PR-CAP-0151;VND-110;MAT-200;2223;1357.8;Freight Included in Commodity Cost;3;Air;3
PR-CAP-0152;VND-110;MAT-300;4960;1237613.7;30981.39;1;Truck;10
PR-CAP-0153;VND-084;MAT-200;1982;14700.0;4209.61;2;Air;11
PR-CAP-0154;VND-062;MAT-300;844;19198.0;3958.28;4;Air;20
PR-CAP-0155;VND-110;MAT-400;1493;243997.56;21347.12;3;Air Charter;21
PR-CAP-0156;VND-110;MAT-400;1571;119096.46;See DN-2693 (ID#:82481);2;Truck;10
PR-CAP-0157;VND-108;MAT-200;4370;214434.0;18826.62;1;Air;8
PR-CAP-0158;VND-003;MAT-400;4383;117.24;Freight Included in Commodity Cost;1;Truck;6
PR-CAP-0159;VND-003;MAT-100;848;1368.05;Freight Included in Commodity Cost;1;Truck;7
PR-CAP-0160;VND-012;MAT-400;3117;591.97;Freight Included in Commodity Cost;1;Truck;15
PR-CAP-0161;VND-110;MAT-300;3091;1977.84;See DN-2812 (ID#:83068);3;Air;23
PR-CAP-0162;VND-108;MAT-300;4183;8418.52;3524.95;4;Ocean;18
PR-CAP-0163;VND-108;MAT-300;890;130906.44;See ASN-6266 (ID#:15368);2;Air;19
PR-CAP-0164;VND-110;MAT-300;4063;7664.14;3855.94;2;Truck;4
PR-CAP-0165;VND-063;MAT-300;1843;185600.0;17022.13;4;Ocean;13
PR-CAP-0166;VND-012;MAT-100;259;659.22;Freight Included in Commodity Cost;4;Truck;15
PR-CAP-0167;VND-110;MAT-200;1705;60099.84;12369.8;1;Air;2
PR-CAP-0168;VND-110;MAT-300;135;42480.0;See DN-1289 (ID#:11332);1;Truck;13
PR-CAP-0169;VND-064;MAT-200;513;2361.42;41;2;Air;18
PR-CAP-0170;VND-113;MAT-300;1106;833307.0;58592.54;2;Air;22
PR-CAP-0171;VND-043;MAT-300;2170;7933.5;See ASN-17177 (ID#:18240);4;Air;10
PR-CAP-0172;VND-113;MAT-400;4554;269047.0;19891.2;1;Air;20
PR-CAP-0173;VND-110;MAT-300;4698;244000.0;See DN-2690 (ID#:83041);1;Air Charter;2
PR-CAP-0174;VND-108;MAT-400;1905;25007.29;6147.09;2;Ocean;22
PR-CAP-0175;VND-110;MAT-300;4833;26024.1;See DN-2656 (ID#:83032);1;Truck;14
PR-CAP-0176;VND-012;MAT-200;3958;113050.0;Freight Included in Commodity Cost;3;Air;19
PR-CAP-0177;VND-055;MAT-200;2412;67041.0;6150.75;4;Air;26
PR-CAP-0178;VND-003;MAT-200;3533;282.13;Freight Included in Commodity Cost;3;Truck;10
PR-CAP-0179;VND-087;MAT-100;1541;504.0;1026.15;4;Air;24
PR-CAP-0180;VND-112;MAT-100;4560;406014.4;3646.13;2;Air;5
PR-CAP-0181;VND-110;MAT-200;3013;470000.0;See DN-3131 (ID#:83136);2;Truck;23
PR-CAP-0182;VND-110;MAT-100;2718;1195200.0;See DN-2299 (ID#:82966);4;Truck;21
PR-CAP-0183;VND-110;MAT-100;1914;7994.7;12648.36;3;Air;21
PR-CAP-0185;VND-067;MAT-300;1031;133000.0;Freight Included in Commodity Cost;4;Truck;12
PR-CAP-0186;VND-082;MAT-100;2483;246821.9;9205.05;1;Air;28
PR-CAP-0188;VND-105;MAT-300;2269;43872.0;5733.61;2;Air;1
PR-CAP-0189;VND-110;MAT-200;3619;13549.35;See DN-2410 (ID#:84678);2;Truck;7
PR-CAP-0190;VND-110;MAT-200;2590;446.4;See DN-3585 (ID#:83223);2;Air;23
PR-CAP-0191;VND-003;MAT-100;2888;247.96;Freight Included in Commodity Cost;4;Truck;15
PR-CAP-0192;VND-084;MAT-400;4649;73206.0;26266.34;1;Air;25
PR-CAP-0193;VND-110;MAT-300;1862;376830.0;21347.13;2;Air Charter;30
PR-CAP-0194;VND-110;MAT-200;322;133294.94;See DN-1643 (ID#:82293);2;Truck;28
PR-CAP-0195;VND-012;MAT-200;1737;746.32;Freight Included in Commodity Cost;2;Truck;8
PR-CAP-0196;VND-110;MAT-300;3755;131649.0;See DN-3371 (ID#:83174);4;Truck;4
PR-CAP-0197;VND-110;MAT-400;2302;3240.0;See DN-1982 (ID#:82910);2;Air;1
PR-CAP-0198;VND-003;MAT-100;2893;620.91;Freight Included in Commodity Cost;3;Truck;12
PR-CAP-0199;VND-110;MAT-400;1143;265400.0;67732.55;2;Air Charter;8
PR-CAP-0200;VND-105;MAT-200;2058;74688.0;6558.08;2;Air;11
PR-CAP-0201;VND-110;MAT-300;100;607282.5;6147.18;1;Air Charter;2
PR-CAP-0202;VND-113;MAT-200;989;33642.0;4529.86;1;Air;5
PR-CAP-0204;VND-097;MAT-100;2096;42000.0;3169.34;3;Air;11
PR-CAP-0205;VND-113;MAT-100;3359;273497.0;20602.3;1;Air;28
PR-CAP-0206;VND-110;MAT-400;2763;7064.9;8586;1;Air;28
PR-CAP-0207;VND-112;MAT-300;1040;168912.0;4443.97;2;Air;15
PR-CAP-0208;VND-031;MAT-100;467;894.0;2794.34;1;Air;25
PR-CAP-0209;VND-012;MAT-400;3703;3471.61;Freight Included in Commodity Cost;3;Truck;18
PR-CAP-0210;VND-110;MAT-100;2877;19074.0;6147.18;1;Air Charter;10
PR-CAP-0211;VND-012;MAT-100;3542;80640.0;Freight Included in Commodity Cost;2;Air;12
PR-CAP-0212;VND-110;MAT-200;3514;103982.4;See DN-2161 (ID#:84639);1;Air;6
PR-CAP-0213;VND-110;MAT-400;4873;5230.7;See DN-682 (ID#:10963);2;Air;4
PR-CAP-0214;VND-012;MAT-200;4507;5.97;Freight Included in Commodity Cost;4;Air;14
PR-CAP-0216;VND-043;MAT-100;3835;37985.0;See ASN-26923 (ID#:13027);1;Air;22
PR-CAP-0217;VND-110;MAT-400;2278;265707.68;585;4;Air;24
PR-CAP-0218;VND-110;MAT-100;245;41731.2;4424.91;3;Truck;3
PR-CAP-0219;VND-110;MAT-300;4372;8586.36;6298.34;1;Air;13
PR-CAP-0220;VND-110;MAT-300;3655;7587.85;6638.3;1;Truck;21
PR-CAP-0221;VND-108;MAT-400;2150;3951.36;1615.07;1;Air;21
PR-CAP-0222;VND-083;MAT-300;751;380.0;Freight Included in Commodity Cost;2;Air;10
PR-CAP-0223;VND-110;MAT-100;786;292083.2;4528.5;3;Air;16
PR-CAP-0224;VND-003;MAT-400;4336;37672.35;Freight Included in Commodity Cost;3;Truck;23
PR-CAP-0225;VND-105;MAT-400;849;136000.0;13215.15;2;Air;3
PR-CAP-0226;VND-112;MAT-200;4102;424211.54;3646.13;3;Air;29
PR-CAP-0227;VND-075;MAT-200;268;5040.0;Invoiced Separately;1;Air;23
PR-CAP-0228;VND-108;MAT-300;1936;858.4;1222.31;3;Air;22
PR-CAP-0229;VND-110;MAT-300;1812;248.4;See DN-3017 (ID#:83108);2;Air;29
PR-CAP-0230;VND-110;MAT-200;3134;68000.0;12205.4;2;Air;19
PR-CAP-0231;VND-110;MAT-100;239;123045.66;See DN-4162 (ID#:82783);3;Truck;25
PR-CAP-0232;VND-082;MAT-400;3443;355200.12;30711.92;1;Air;16
PR-CAP-0233;VND-055;MAT-400;4760;18600.0;Freight Included in Commodity Cost;4;Air;10
PR-CAP-0234;VND-112;MAT-200;2622;310560.0;7180.16;4;Ocean;21
PR-CAP-0235;VND-110;MAT-400;1132;332234.76;See DN-3075 (ID#:83129);4;Truck;22
PR-CAP-0236;VND-110;MAT-100;539;6140.0;5663;1;Truck;25
PR-CAP-0237;VND-110;MAT-400;2079;638.4;See DN-717 (ID#:11858);3;Air;26
PR-CAP-0238;VND-110;MAT-200;1403;8247.6;11206.84;2;Air;13
PR-CAP-0239;VND-012;MAT-400;1317;1375.6;Freight Included in Commodity Cost;3;Truck;22
PR-CAP-0240;VND-064;MAT-400;2947;11521.8;251.52;4;Air;26
PR-CAP-0241;VND-094;MAT-400;1817;10605.0;2864.63;3;Air;21
PR-CAP-0242;VND-003;MAT-100;4002;78.7;Freight Included in Commodity Cost;2;Truck;16
PR-CAP-0243;VND-110;MAT-300;4621;3198.72;7789.85;3;Air;19
PR-CAP-0244;VND-111;MAT-300;4942;4623.0;2265.89;4;Air;4
PR-CAP-0245;VND-110;MAT-400;3257;18541.44;3325.77;1;Air;30
PR-CAP-0246;VND-113;MAT-200;4287;146560.0;8680.27;2;Air;11
PR-CAP-0247;VND-110;MAT-400;975;137386.46;See DN-2829 (ID#:82504);3;Air;30
PR-CAP-0248;VND-097;MAT-200;3184;62335.2;5610.17;4;Air;13
PR-CAP-0249;VND-003;MAT-300;4423;366.99;Freight Included in Commodity Cost;4;Truck;5
PR-CAP-0250;VND-111;MAT-100;2987;2712.0;1075.54;3;Air;14
PR-CAP-0251;VND-113;MAT-300;1095;20.0;Invoiced Separately;2;Air;3
PR-CAP-0252;VND-113;MAT-400;1373;16.0;885.49;3;Air;3
PR-CAP-0253;VND-110;MAT-200;2423;351850.0;42656.07;3;Air;22
PR-CAP-0254;VND-110;MAT-100;1357;7162.92;2035.84;3;Truck;19
PR-CAP-0255;VND-108;MAT-100;1471;18648.0;5551.97;4;Air;21
PR-CAP-0256;VND-083;MAT-400;3964;1680.0;1516.05;3;Air;19
PR-CAP-0258;VND-110;MAT-300;2310;0.0;2951.94;4;Air;19
PR-CAP-0259;VND-110;MAT-200;3623;25636.8;9936.96;3;Air;17
PR-CAP-0260;VND-012;MAT-100;754;375880.98;Freight Included in Commodity Cost;2;Truck;21
PR-CAP-0261;VND-082;MAT-100;1141;191400.0;25512.84;2;Air;1
PR-CAP-0262;VND-030;MAT-200;2066;21720.0;Freight Included in Commodity Cost;4;Truck;12
PR-CAP-0263;VND-110;MAT-400;1688;818.4;See DN-3561 (ID#:82654);4;Air;7
PR-CAP-0264;VND-110;MAT-300;4587;58045.7;See DN-2883 (ID#:83630);2;Truck;19
PR-CAP-0265;VND-012;MAT-300;3532;1985.58;Freight Included in Commodity Cost;1;Truck;11
PR-CAP-0266;VND-108;MAT-100;4775;14631.9;66260.33;3;Air;27
PR-CAP-0268;VND-083;MAT-200;4472;3313.8;Freight Included in Commodity Cost;2;Air;24
PR-CAP-0269;VND-043;MAT-300;4258;2520.0;1276.53;4;Air;29
PR-CAP-0270;VND-108;MAT-200;910;54120.0;Freight Included in Commodity Cost;3;Ocean;27
PR-CAP-0271;VND-110;MAT-200;1619;44483.58;20893.21;3;Air Charter;19
PR-CAP-0272;VND-037;MAT-200;2897;12362.16;586.16;1;Air;16
PR-CAP-0274;VND-012;MAT-300;3041;1089.02;Freight Included in Commodity Cost;4;Truck;7
PR-CAP-0275;VND-110;MAT-300;2812;24292.8;2331.03;4;Air;15
PR-CAP-0276;VND-113;MAT-100;402;208656.0;21714.68;1;Air;9
PR-CAP-0277;VND-108;MAT-100;3894;62445.0;4168.19;1;Air;28
PR-CAP-0278;VND-110;MAT-400;1832;18112.0;See DN-836 (ID#:11244);3;Air;13
PR-CAP-0279;VND-113;MAT-300;1538;90640.0;10925.46;3;Air;25
PR-CAP-0280;VND-110;MAT-200;4105;20321.01;4353.04;3;Air;1
PR-CAP-0281;VND-110;MAT-100;3369;78200.0;18520.22;4;Air;29
PR-CAP-0283;VND-110;MAT-100;1516;92960.0;See DN-1052 (ID#:10737);2;Air;5
PR-CAP-0284;VND-084;MAT-100;1768;22770.0;6161.42;4;Air;21
PR-CAP-0285;VND-110;MAT-400;3244;525.4;1783.38;1;Air;27
PR-CAP-0286;VND-108;MAT-100;4975;38304.0;6609.02;1;Air;24
PR-CAP-0287;VND-110;MAT-200;1841;12757.5;1277.22;3;Air;5
PR-CAP-0288;VND-113;MAT-100;1868;34480.0;5346.38;2;Air;11
PR-CAP-0289;VND-100;MAT-100;843;6261.6;915.09;4;Air;2
PR-CAP-0290;VND-110;MAT-100;673;334414.08;5846.08;2;Truck;9
PR-CAP-0291;VND-110;MAT-300;4079;42866.76;Invoiced Separately;4;Air;14
PR-CAP-0292;VND-113;MAT-200;1985;13.96;See ASN-2997 (ID#:5860);4;Air;25
PR-CAP-0293;VND-012;MAT-200;3593;29714.49;Freight Included in Commodity Cost;3;Truck;9
PR-CAP-0294;VND-003;MAT-100;4960;507.93;Freight Included in Commodity Cost;3;Truck;6
PR-CAP-0295;VND-108;MAT-100;2433;17850.0;14982.1;3;Air;15
PR-CAP-0296;VND-113;MAT-300;1651;244216.0;24927.19;3;Air;23
PR-CAP-0297;VND-113;MAT-300;3345;189392.0;23826.25;4;Air;13
PR-CAP-0298;VND-110;MAT-100;3901;56940.0;3033.26;1;Truck;7
PR-CAP-0299;VND-110;MAT-400;226;3132.0;See DN-730 (ID#:11260);4;Air;25
PR-CAP-0300;VND-108;MAT-300;2073;289770.51;15331.49;2;Ocean;25
PR-CAP-0301;VND-113;MAT-400;2258;235120.0;13801.89;2;Air;27
PR-CAP-0302;VND-110;MAT-200;4032;113160.84;See DN-2320 (ID#:83523);2;Air;10
PR-CAP-0303;VND-105;MAT-100;3609;193280.0;24689;2;Air;14
PR-CAP-0304;VND-111;MAT-300;176;18240.0;Invoiced Separately;3;Air;10
PR-CAP-0305;VND-110;MAT-400;3161;10736.0;5678.7;1;Air;6
PR-CAP-0306;VND-097;MAT-300;1562;189720.0;17074.8;4;Air;23
PR-CAP-0307;VND-113;MAT-300;4768;680000.0;14419.86;1;Air;27
PR-CAP-0308;VND-112;MAT-400;1799;82482.4;Freight Included in Commodity Cost;1;Ocean;25
PR-CAP-0309;VND-111;MAT-200;923;10478.8;3899.33;1;Air;15
PR-CAP-0310;VND-113;MAT-200;2736;255888.01;8213.59;2;Air;19
PR-CAP-0311;VND-110;MAT-300;4952;9024.0;1527.29;4;Air;25
PR-CAP-0312;VND-110;MAT-200;386;17545.0;5028.04;1;Air;18
PR-CAP-0313;VND-110;MAT-100;4481;8716.1;1941.82;2;Air;16
PR-CAP-0314;VND-087;MAT-400;365;34815.0;See ASN-20434 (ID#:13874);2;Air;13
PR-CAP-0315;VND-105;MAT-200;2118;120000.0;16036.98;4;Air;9
PR-CAP-0316;VND-083;MAT-200;3696;3822.0;Freight Included in Commodity Cost;1;Air;14
PR-CAP-0317;VND-003;MAT-400;4556;748.24;Freight Included in Commodity Cost;3;Truck;1
PR-CAP-0318;VND-105;MAT-400;1741;34080.0;Invoiced Separately;2;Ocean;25
PR-CAP-0319;VND-043;MAT-300;318;24960.0;See ASN-9408 (ID#:39263);2;Air;17
PR-CAP-0320;VND-097;MAT-300;2921;95772.73;18232.17;1;Air;24
PR-CAP-0321;VND-110;MAT-400;635;90850.0;1521.08;2;Truck;24
PR-CAP-0322;VND-110;MAT-400;3833;12675.6;15923.41;3;Air;12
PR-CAP-0323;VND-110;MAT-100;2863;38024.78;4768.06;3;Truck;19
PR-CAP-0324;VND-110;MAT-200;361;78984.2;1417.12;3;Truck;4
PR-CAP-0325;VND-110;MAT-100;4566;77200.0;3379.64;2;Truck;17
PR-CAP-0326;VND-110;MAT-200;3547;41.2;See DN-2497 (ID#:82435);1;Air;7
PR-CAP-0327;VND-108;MAT-400;3585;2878.75;2251.42;1;Air;24
PR-CAP-0328;VND-110;MAT-300;4387;170000.0;2938.92;4;Truck;3
PR-CAP-0329;VND-091;MAT-400;1638;5550.0;Freight Included in Commodity Cost;1;Air;8
PR-CAP-0330;VND-108;MAT-400;4286;25422.0;2154.51;1;Air;3
PR-CAP-0331;VND-110;MAT-400;2137;1852.8;1729;1;Air;24
PR-CAP-0332;VND-110;MAT-400;3073;223721.94;3825.8;1;Truck;17
PR-CAP-0333;VND-110;MAT-200;334;157632.0;11898.8;4;Air;2
PR-CAP-0334;VND-110;MAT-300;390;374.12;See DN-3585 (ID#:83223);1;Air;22
PR-CAP-0335;VND-111;MAT-400;1599;46032.0;436.86;1;Air;30
PR-CAP-0336;VND-113;MAT-300;1796;480000.0;30885.26;3;Air;26
PR-CAP-0337;VND-108;MAT-400;265;83700.0;13959.22;3;Air Charter;8
PR-CAP-0338;VND-110;MAT-400;2023;2614.08;1845.31;3;Air;25
PR-CAP-0340;VND-003;MAT-400;2482;59.62;Freight Included in Commodity Cost;2;Truck;17
PR-CAP-0341;VND-110;MAT-100;2167;1113.02;See DN-2064 (ID#:83469);3;Air;19
PR-CAP-0342;VND-108;MAT-200;4407;34920.0;12917.3;4;Air;3
PR-CAP-0343;VND-110;MAT-100;2653;1594706.45;See DN-3588 (ID#:83225);4;Truck;20
PR-CAP-0344;VND-055;MAT-400;2847;34472.4;1682.15;1;Air;15
PR-CAP-0345;VND-110;MAT-100;2586;35625.0;9736.1;2;Air Charter;28
PR-CAP-0346;VND-110;MAT-300;4114;504900.0;20144.99;3;Air;29
PR-CAP-0347;VND-094;MAT-100;1374;135.0;Invoiced Separately;1;Air;16
PR-CAP-0348;VND-110;MAT-100;1779;1316857.74;104604.06;3;Truck;3
PR-CAP-0349;VND-110;MAT-100;3025;60666.2;19069.17;2;Air;11
PR-CAP-0350;VND-110;MAT-100;4242;5178.6;See DN-1163 (ID#:11030);4;Air;25
PR-CAP-0351;VND-082;MAT-200;3374;1251450.0;31656.61;3;Ocean;25
PR-CAP-0352;VND-084;MAT-100;3668;160954.0;46117.09;2;Air;14
PR-CAP-0353;VND-012;MAT-100;1775;1483.72;Freight Included in Commodity Cost;1;Truck;23
PR-CAP-0354;VND-110;MAT-300;3800;0.0;Invoiced Separately;4;Air;10
PR-CAP-0355;VND-110;MAT-200;3673;38775.0;See DN-3117 (ID#:83132);1;Air;27
PR-CAP-0356;VND-110;MAT-300;1794;62387.52;See DN-4177 (ID#:82804);1;Truck;11
PR-CAP-0359;VND-091;MAT-300;3099;943.5;Freight Included in Commodity Cost;2;Air;18
PR-CAP-0360;VND-111;MAT-400;429;46230.0;10365.13;2;Air;22
PR-CAP-0361;VND-110;MAT-200;3217;28566.3;See DN-3102 (ID#:82573);4;Truck;9
PR-CAP-0362;VND-108;MAT-400;3759;296143.38;17581.92;2;Air;2
PR-CAP-0363;VND-110;MAT-400;3806;124866.42;10734.13;1;Truck;29
PR-CAP-0364;VND-110;MAT-300;4488;42480.0;14958.2;4;Truck;25
PR-CAP-0365;VND-110;MAT-400;1355;9747.0;See DN-1659 (ID#:82859);3;Truck;30
PR-CAP-0366;VND-110;MAT-300;2666;68061.6;See DN-1982 (ID#:82910);3;Air;11
PR-CAP-0367;VND-110;MAT-200;1066;89488.4;See DN-1875 (ID#:82330);3;Truck;22
PR-CAP-0368;VND-110;MAT-300;1512;375603.92;25231.96;1;Air Charter;2
PR-CAP-0369;VND-110;MAT-400;3331;9031.68;See DN-1530 (ID#:83964);3;Air;22
PR-CAP-0370;VND-110;MAT-300;1436;23101.2;13356.65;2;Air;26
PR-CAP-0371;VND-110;MAT-300;2069;4738.0;1494.6;2;Truck;13
PR-CAP-0372;VND-003;MAT-400;3604;1823.8;Freight Included in Commodity Cost;1;Truck;30
PR-CAP-0373;VND-110;MAT-400;2550;2472716.0;194623.44;1;Air Charter;4
PR-CAP-0374;VND-110;MAT-100;3100;75872.28;9736.1;4;Air Charter;15
PR-CAP-0375;VND-110;MAT-100;4844;332400.0;30482.8;3;Air;8
PR-CAP-0376;VND-096;MAT-100;4673;148250.8;Freight Included in Commodity Cost;1;Air;7
PR-CAP-0377;VND-110;MAT-400;610;85081.26;Freight Included in Commodity Cost;3;Air Charter;1
PR-CAP-0378;VND-108;MAT-300;4831;30835.0;See ASN-276 (ID#:2686);3;Air;18
PR-CAP-0379;VND-097;MAT-400;1945;172825.0;3977.24;1;Air;21
PR-CAP-0380;VND-097;MAT-300;1281;3956.61;See ASN-7510 (ID#:35983);4;Air;14
PR-CAP-0381;VND-108;MAT-400;1637;18020.0;3530.94;3;Ocean;10
PR-CAP-0382;VND-110;MAT-400;3971;10425.0;791.84;1;Air;24
PR-CAP-0383;VND-110;MAT-400;2912;912.0;1301;3;Air;12
PR-CAP-0385;VND-113;MAT-200;915;569800.0;22194.09;3;Air;13
PR-CAP-0386;VND-100;MAT-100;2814;27785.85;1122.07;1;Air;6
PR-CAP-0387;VND-110;MAT-300;1827;154580.0;3671.92;3;Air;21
PR-CAP-0388;VND-110;MAT-400;4444;921.6;896.26;3;Truck;20
PR-CAP-0389;VND-100;MAT-300;1557;413763.2;9582.53;3;Ocean;4
PR-CAP-0390;VND-110;MAT-300;4577;982.8;See DN-4151 (ID#:83891);1;Truck;29
PR-CAP-0391;VND-012;MAT-400;516;21392.98;Freight Included in Commodity Cost;4;Truck;29
PR-CAP-0392;VND-110;MAT-200;1307;1377.72;2030;2;Truck;8
PR-CAP-0393;VND-113;MAT-400;3146;9600.0;Invoiced Separately;1;Air;30
PR-CAP-0394;VND-110;MAT-400;4043;8271.72;See DN-2928 (ID#:83637);2;Truck;30
PR-CAP-0395;VND-110;MAT-200;4473;1087500.0;18090.64;3;Truck;27
PR-CAP-0396;VND-110;MAT-400;3799;28512.94;See DN-3329 (ID#:82602);3;Truck;30
PR-CAP-0397;VND-087;MAT-400;2080;1651.2;12336.45;3;Ocean;2
PR-CAP-0398;VND-112;MAT-100;4570;35632.0;6072.8;2;Air;13
PR-CAP-0399;VND-110;MAT-200;3516;6437.34;See DN-2231 (ID#:82385);2;Air;4
PR-CAP-0400;VND-112;MAT-300;2916;650921.16;5298.02;1;Air;12
PR-CAP-0401;VND-112;MAT-100;2533;410713.69;6639.33;3;Ocean;10
PR-CAP-0402;VND-012;MAT-300;4028;9371.25;Freight Included in Commodity Cost;3;Air;20
PR-CAP-0403;VND-110;MAT-100;1486;339630.72;43219.06;4;Truck;12
PR-CAP-0404;VND-110;MAT-100;3608;324400.0;15571.48;1;Truck;9
PR-CAP-0405;VND-110;MAT-300;2557;15613.0;See DN-818 (ID#:11270);1;Air;1
PR-CAP-0406;VND-110;MAT-200;3663;6000.6;1122.87;2;Air;3
PR-CAP-0407;VND-110;MAT-400;2012;2730.0;Freight Included in Commodity Cost;3;Air;25
PR-CAP-0408;VND-105;MAT-100;3223;176000.0;17975.84;2;Air;23
PR-CAP-0409;VND-110;MAT-200;3751;229365.0;See DN-850 (ID#:10733);1;Air;28
PR-CAP-0410;VND-111;MAT-400;563;80902.5;20559.39;4;Air;5
PR-CAP-0411;VND-110;MAT-400;4655;30941.96;See DN-3493 (ID#:84322);3;Air;30
PR-CAP-0412;VND-110;MAT-200;4411;323898.96;6147.18;2;Air Charter;13
PR-CAP-0413;VND-110;MAT-200;502;24200.25;4438;1;Truck;10
PR-CAP-0414;VND-103;MAT-300;3525;250.0;402.42;2;Air;19
PR-CAP-0415;VND-110;MAT-300;3343;1680.0;1173.1;1;Air;22
PR-CAP-0416;VND-110;MAT-200;1151;22377.6;See DN-2778 (ID#:85287);4;Truck;20
PR-CAP-0417;VND-110;MAT-200;617;52273.65;14700;1;Truck;29
PR-CAP-0418;VND-003;MAT-100;3643;60.99;Freight Included in Commodity Cost;3;Truck;9
PR-CAP-0419;VND-105;MAT-400;1189;160.0;12561.4;4;Air;23
PR-CAP-0420;VND-110;MAT-100;3460;550492.8;See DN-3019 (ID#:84227);4;Truck;9
PR-CAP-0421;VND-110;MAT-100;3655;490232.0;23753.64;3;Truck;20
PR-CAP-0422;VND-012;MAT-400;572;339.36;Freight Included in Commodity Cost;1;Truck;25
PR-CAP-0423;VND-110;MAT-400;3908;967068.18;See DN-2598 (ID#:82465);3;Truck;22
PR-CAP-0424;VND-110;MAT-300;4788;47862.99;5081.05;3;Truck;30
PR-CAP-0425;VND-110;MAT-200;4488;772610.4;14547.55;1;Air Charter;22
PR-CAP-0427;VND-003;MAT-300;275;425.93;Freight Included in Commodity Cost;2;Truck;6
PR-CAP-0428;VND-110;MAT-100;3117;599.4;4934.43;4;Air;3
PR-CAP-0429;VND-110;MAT-100;1336;2061.85;See DN-1311 (ID#:82837);4;Air Charter;23
PR-CAP-0430;VND-111;MAT-200;4240;3635.28;1259.05;2;Air;30
PR-CAP-0432;VND-110;MAT-200;1425;26980.0;See DN-4039 (ID#:83869);1;Truck;12
PR-CAP-0433;VND-110;MAT-100;1116;71423.1;20578.2;4;Air;14
PR-CAP-0434;VND-111;MAT-100;4426;925.2;693.54;2;Air;30
PR-CAP-0435;VND-110;MAT-400;1040;8187.62;1095.22;4;Truck;8
PR-CAP-0436;VND-104;MAT-200;1176;0.0;21351.18;3;Air;12
PR-CAP-0437;VND-105;MAT-100;206;5344.0;911.32;3;Air;30
PR-CAP-0438;VND-110;MAT-100;3716;48800.0;See DN-2693 (ID#:82481);1;Truck;2
PR-CAP-0439;VND-110;MAT-100;3021;10006.2;23809.39;4;Truck;16
PR-CAP-0440;VND-110;MAT-200;4514;281979.88;4947.38;1;Truck;3
PR-CAP-0441;VND-110;MAT-400;3399;18431.38;See DN-4307 (ID#:83920);3;Truck;2
PR-CAP-0442;VND-110;MAT-200;2343;2800.0;See DN-1147 (ID#:11610);1;Air;8
PR-CAP-0443;VND-110;MAT-300;4769;6948.0;See DN-992 (ID#:11602);3;Air;8
PR-CAP-0444;VND-012;MAT-100;1353;94109.04;Freight Included in Commodity Cost;2;Truck;12
PR-CAP-0445;VND-110;MAT-400;4691;402499.22;See DN-3771 (ID#:84943);2;Truck;24
PR-CAP-0446;VND-108;MAT-200;2290;950.0;See ASN-744 (ID#:1356);3;Air;3
PR-CAP-0447;VND-113;MAT-100;4203;14398.0;1028.18;3;Air;28
PR-CAP-0448;VND-012;MAT-200;2684;405.06;Freight Included in Commodity Cost;2;Truck;28
PR-CAP-0449;VND-108;MAT-100;4055;1267.5;See ASN-20218 (ID#:20450);2;Air;23
PR-CAP-0450;VND-110;MAT-100;552;591319.62;7317.48;2;Truck;10
PR-CAP-0451;VND-110;MAT-400;3611;3770.0;2697.65;3;Air;22
PR-CAP-0452;VND-110;MAT-200;2103;204590.0;13873;2;Air;26
PR-CAP-0453;VND-112;MAT-100;3250;2440.0;See ASN-272 (ID#:1282);2;Air;11
PR-CAP-0454;VND-113;MAT-300;2497;16.0;980.7;3;Air;30
PR-CAP-0455;VND-113;MAT-200;3831;141680.0;6923.2;3;Air;27
PR-CAP-0456;VND-113;MAT-200;2282;181916.0;26014.88;1;Air;7
PR-CAP-0457;VND-113;MAT-200;4293;302890.0;26574.61;3;Air;3
PR-CAP-0458;VND-110;MAT-300;1139;3200.0;See DN-269 (ID#:11738);2;Truck;28
PR-CAP-0459;VND-012;MAT-100;4977;6697.54;Freight Included in Commodity Cost;1;Truck;29
PR-CAP-0460;VND-012;MAT-300;151;5737.5;Freight Included in Commodity Cost;4;Truck;19
PR-CAP-0461;VND-110;MAT-200;2977;123900.0;6477.67;3;Air;16
PR-CAP-0462;VND-110;MAT-100;1221;4802.85;See DN-2512 (ID#:82443);2;Air;20
PR-CAP-0463;VND-111;MAT-200;1782;258363.2;9915.56;1;Air;15
PR-CAP-0464;VND-097;MAT-100;1583;43608.2;2148.1;1;Air;24
PR-CAP-0465;VND-110;MAT-400;2097;107892.0;See DN-4016 (ID#:84996);4;Truck;4
PR-CAP-0466;VND-110;MAT-200;1661;37331.7;6027.68;2;Air;3
PR-CAP-0467;VND-110;MAT-400;3543;360000.0;5014.65;1;Truck;26
PR-CAP-0468;VND-110;MAT-100;1249;347400.0;11592.26;3;Air;5
PR-CAP-0469;VND-110;MAT-200;2484;3753.75;6443.61;4;Air;25
PR-CAP-0470;VND-110;MAT-200;2066;12250.25;2485.92;2;Air;1
PR-CAP-0471;VND-110;MAT-200;903;20406.8;See DN-836 (ID#:11244);1;Air;8
PR-CAP-0472;VND-112;MAT-200;1769;3600.0;Invoiced Separately;2;Air;19
PR-CAP-0473;VND-043;MAT-100;4729;6870.0;See ASN-27809 (ID#:13106);3;Air;7
PR-CAP-0475;VND-110;MAT-200;2502;140326.44;5187.5;4;Air;15
PR-CAP-0476;VND-003;MAT-300;1223;414.5;Freight Included in Commodity Cost;1;Truck;23
PR-CAP-0477;VND-113;MAT-400;3341;89.0;13753.58;1;Air;25
PR-CAP-0478;VND-110;MAT-100;4610;118500.0;Invoiced Separately;3;Truck;29
PR-CAP-0479;VND-003;MAT-400;4421;283.8;Freight Included in Commodity Cost;3;Truck;12
PR-CAP-0480;VND-110;MAT-400;240;307.44;See DN-1838 (ID#:82887);4;Air;19
PR-CAP-0481;VND-110;MAT-300;3353;11420.48;1799.88;2;Truck;29
PR-CAP-0482;VND-108;MAT-100;918;540.0;820.56;3;Air;6
PR-CAP-0484;VND-110;MAT-400;2850;4455.5;See DN-1670 (ID#:82862);4;Air;28
PR-CAP-0485;VND-110;MAT-200;284;30780.0;See DN-144 (ID#:12058);4;Air;9
PR-CAP-0486;VND-113;MAT-200;4027;16960.0;1910.93;3;Air;3
PR-CAP-0487;VND-097;MAT-400;595;179100.0;5834.1;4;Air;5
PR-CAP-0488;VND-113;MAT-400;2352;800.0;See ASN-31338 (ID#:38992);1;Air;20
PR-CAP-0489;VND-110;MAT-300;2428;505371.24;See DN-2465 (ID#:82426);4;Air Charter;17
PR-CAP-0490;VND-084;MAT-400;1138;146853.0;53062.21;3;Air;26
PR-CAP-0491;VND-110;MAT-200;941;43613.76;13398.06;3;Air Charter;10
PR-CAP-0493;VND-097;MAT-400;4155;2520.0;See ASN-6355 (ID#:16828);2;Air;30
PR-CAP-0494;VND-108;MAT-200;131;144694.33;630.5;2;Ocean;3
PR-CAP-0495;VND-105;MAT-400;1110;832.0;334.65;4;Air;22
PR-CAP-0496;VND-110;MAT-200;519;7714.56;1211.48;4;Air;13
PR-CAP-0497;VND-110;MAT-300;4127;127314.0;See DN-2605 (ID#:82467);4;Truck;30
PR-CAP-0498;VND-113;MAT-200;3143;117760.0;16189.94;2;Air;4
PR-CAP-0499;VND-110;MAT-400;2288;7743.83;4519.96;3;Air;11
PR-CAP-0500;VND-113;MAT-200;2238;5844.15;467.26;3;Air;16
